date,mix
2013-08-19,-306.92914239
2013-08-20,-303.35266324
2013-08-21,-299.95845894
2013-08-22,-297.73095213
2013-08-23,-298.99432021
2013-08-24,-300.78458818
2013-08-25,-299.18951018
2013-08-26,-298.87181938
2013-08-27,-297.31659074
2013-08-28,-289.62861899
2013-08-29,-290.24738791
2013-08-30,-291.37313205
2013-08-31,-284.22718331
2013-09-01,-277.77158863
2013-09-02,-280.18247429
2013-09-03,-279.96330287
2013-09-04,-279.59469638
2013-09-05,-285.31307809
2013-09-06,-289.78616761
2013-09-07,-291.4140854
2013-09-08,-291.13809273
2013-09-09,-290.87501517
2013-09-10,-287.20296943
2013-09-11,-285.7425626
2013-09-12,-283.14829808
2013-09-13,-281.64103234
2013-09-14,-282.72102157
2013-09-15,-284.85886735
2013-09-16,-283.9423323
2013-09-17,-284.27404221
2013-09-18,-282.48082147
2013-09-19,-282.93318344
2013-09-20,-284.7382153
2013-09-21,-285.7414586
2013-09-22,-286.29639672
2013-09-23,-285.83407242
2013-09-24,-286.88712741
2013-09-25,-286.21669802
2013-09-26,-284.83488589
2013-09-27,-284.63674314
2013-09-28,-282.38820765
2013-09-29,-279.20321244
2013-09-30,-282.41108511
2013-10-01,-282.39816999
2013-10-02,-282.89261564
2013-10-03,-297.38008865
2013-10-04,-287.5509328
2013-10-05,-285.16033103
2013-10-06,-287.35314927
2013-10-07,-285.90455356
2013-10-08,-286.66870076
2013-10-09,-284.50797753
2013-10-10,-283.99399276
2013-10-11,-282.78264437
2013-10-12,-279.09362673
2013-10-13,-280.06698302
2013-10-14,-276.61891026
2013-10-15,-273.59331245
2013-10-16,-270.07550332
2013-10-17,-265.32752513
2013-10-18,-263.93980744
2013-10-19,-253.47529633
2013-10-20,-244.52321172
2013-10-21,-240.50433294
2013-10-22,-227.8440508
2013-10-23,-216.01174667
2013-10-24,-211.79472514
2013-10-25,-226.12056642
2013-10-26,-233.62405531
2013-10-27,-224.97084083
2013-10-28,-222.43930312
2013-10-29,-212.86626792
2013-10-30,-203.5511495
2013-10-31,-209.16507994
2013-11-01,-203.76510748
2013-11-02,-206.92352768
2013-11-03,-206.363788
2013-11-04,-197.91647061
2013-11-05,-182.09517471
2013-11-06,-148.45015309
2013-11-07,-140.46590477
2013-11-08,-113.75392525
2013-11-09,-74.84398788
2013-11-10,-71.07747954
2013-11-11,-74.52776031
2013-11-12,-69.70488497
2013-11-13,-50.36467595
2013-11-14,-2.6568906
2013-11-15,4.74106936
2013-11-16,47.56510135
2013-11-17,36.15047061
2013-11-18,102.13634094
2013-11-19,256.18342638
2013-11-20,142.31845443
2013-11-21,238.24807454
2013-11-22,289.14359953
2013-11-23,365.47513696
2013-11-24,361.05196688
2013-11-25,365.53101226
2013-11-26,445.33529121
2013-11-27,499.52185525
2013-11-28,568.75339047
2013-11-29,651.58448617
2013-11-30,699.84053054
2013-12-01,690.38248132
2013-12-02,548.15809452
2013-12-03,626.66542801
2013-12-04,674.12015561
2013-12-05,689.42783076
2013-12-06,589.33037815
2013-12-07,375.31933693
2013-12-08,324.93026507
2013-12-09,412.11068024
2013-12-10,490.87898386
2013-12-11,539.78810497
2013-12-12,465.38547005
2013-12-13,486.70487222
2013-12-14,472.40707636
2013-12-15,450.89232616
2013-12-16,401.1701921
2013-12-17,300.06643564
2013-12-18,223.77615812
2013-12-19,158.22245927
2013-12-20,286.69903588
2013-12-21,218.19410474
2013-12-22,216.2872918
2013-12-23,221.00153454
2013-12-24,254.4033027
2013-12-25,259.84674545
2013-12-26,292.5471435
2013-12-27,351.2511917
2013-12-28,324.48444805
2013-12-29,315.17366901
2013-12-30,332.25507128
2013-12-31,347.05715539
2014-01-01,350.02993844
2014-01-02,360.59597201
2014-01-03,401.26017642
2014-01-04,408.34545548
2014-01-05,454.02472213
2014-01-06,547.66658007
2014-01-07,529.65467393
2014-01-08,432.95827711
2014-01-09,433.93859267
2014-01-10,433.08183165
2014-01-11,477.55175674
2014-01-12,486.76096304
2014-01-13,447.36587422
2014-01-14,434.94684588
2014-01-15,423.74917857
2014-01-16,457.10492601
2014-01-17,436.14416798
2014-01-18,406.53631655
2014-01-19,426.44702266
2014-01-20,445.31958855
2014-01-21,465.23224402
2014-01-22,461.71348177
2014-01-23,443.8570743
2014-01-24,424.06591624
2014-01-25,394.28859732
2014-01-26,443.87115089
2014-01-27,478.98817494
2014-01-28,379.42847302
2014-01-29,415.76728913
2014-01-30,411.25045154
2014-01-31,411.19869049
2014-02-01,416.20379038
2014-02-02,435.01268352
2014-02-03,419.62487862
2014-02-04,398.29150762
2014-02-05,430.11121348
2014-02-06,404.30475296
2014-02-07,377.01368863
2014-02-08,305.69547959
2014-02-09,270.43281145
2014-02-10,280.51242432
2014-02-11,265.83995835
2014-02-12,253.35725727
2014-02-13,244.31946782
2014-02-14,207.28729458
2014-02-15,249.19310797
2014-02-16,238.68120035
2014-02-17,198.66413234
2014-02-18,215.53288845
2014-02-19,205.55062631
2014-02-20,213.45327871
2014-02-21,153.61115914
2014-02-22,157.91565332
2014-02-23,189.92628519
2014-02-24,186.37236229
2014-02-25,149.46826792
2014-02-26,126.90082919
2014-02-27,173.83065662
2014-02-28,175.51199846
2014-03-01,161.33044188
2014-03-02,156.77338049
2014-03-03,148.48471571
2014-03-04,253.41637466
2014-03-05,256.993731
2014-03-06,251.00987496
2014-03-07,256.10654416
2014-03-08,218.280852
2014-03-09,205.98229
2014-03-10,226.7097539
2014-03-11,215.8125983
2014-03-12,218.25917294
2014-03-13,222.40514692
2014-03-14,227.72087475
2014-03-15,216.1321575
2014-03-16,217.31351528
2014-03-17,218.83611132
2014-03-18,211.40836795
2014-03-19,202.3824902
2014-03-20,198.77032208
2014-03-21,173.54075884
2014-03-22,166.86259676
2014-03-23,150.41641919
2014-03-24,152.8057386
2014-03-25,164.26330387
2014-03-26,153.49817745
2014-03-27,170.28635767
2014-03-28,102.16969604
2014-03-29,89.59218859
2014-03-30,85.85883082
2014-03-31,51.14008475
2014-04-01,46.21036929
2014-04-02,67.54805456
2014-04-03,37.91590256
2014-04-04,31.10330532
2014-04-05,35.9026332
2014-04-06,45.79359271
2014-04-07,48.62289655
2014-04-08,38.10682856
2014-04-09,39.7730577
2014-04-10,26.85026442
2014-04-11,-24.11541247
2014-04-12,2.95554161
2014-04-13,10.25377459
2014-04-14,2.02904422
2014-04-15,53.85728409
2014-04-16,89.61047167
2014-04-17,106.97646747
2014-04-18,86.38595751
2014-04-19,69.16107603
2014-04-20,84.07633681
2014-04-21,86.69478997
2014-04-22,82.39686215
2014-04-23,77.00143562
2014-04-24,74.65612594
2014-04-25,69.38024746
2014-04-26,48.95909724
2014-04-27,45.49800577
2014-04-28,28.21751064
2014-04-29,27.27524895
2014-04-30,31.45362872
2014-05-01,34.17914882
2014-05-02,42.88207139
2014-05-03,35.51158325
2014-05-04,23.59662764
2014-05-05,22.63279969
2014-05-06,18.68771405
2014-05-07,15.40594465
2014-05-08,25.98594704
2014-05-09,26.06564574
2014-05-10,33.67851316
2014-05-11,38.67544619
2014-05-12,26.99794509
2014-05-13,26.68331067
2014-05-14,25.4836698
2014-05-15,30.8832567
2014-05-16,32.53700472
2014-05-17,33.73115657
2014-05-18,33.73058715
2014-05-19,32.36669595
2014-05-20,48.12863228
2014-05-21,66.01064842
2014-05-22,78.17637072
2014-05-23,105.15343155
2014-05-24,111.14753199
2014-05-25,122.78676887
2014-05-26,153.99070788
2014-05-27,169.11353615
2014-05-28,160.90457008
2014-05-29,159.49029777
2014-05-30,171.07611663
2014-05-31,194.67480622
2014-06-01,207.00912903
2014-06-02,224.73155797
2014-06-03,231.76762551
2014-06-04,247.70470816
2014-06-05,226.45504235
2014-06-06,241.10869173
2014-06-07,237.14121393
2014-06-08,239.32410467
2014-06-09,234.6015771
2014-06-10,236.1983982
2014-06-11,238.53992712
2014-06-12,224.67425143
2014-06-13,193.13425024
2014-06-14,180.29915325
2014-06-15,158.05287408
2014-06-16,163.73254527
2014-06-17,181.61532064
2014-06-18,189.22578724
2014-06-19,190.55998123
2014-06-20,186.77372357
2014-06-21,177.81549432
2014-06-22,178.53297242
2014-06-23,185.89570923
2014-06-24,174.21871088
2014-06-25,171.11141062
2014-06-26,153.49704895
2014-06-27,166.46146651
2014-06-28,182.88746293
2014-06-29,192.89790382
2014-06-30,183.24724592
2014-07-01,218.24645589
2014-07-02,233.47830046
2014-07-03,235.91755468
2014-07-04,225.35709735
2014-07-05,219.1090035
2014-07-06,216.47088214
2014-07-07,220.76597823
2014-07-08,210.19404012
2014-07-09,209.1071963
2014-07-10,210.30400544
2014-07-11,204.69615848
2014-07-12,214.74644872
2014-07-13,218.93869473
2014-07-14,212.57446935
2014-07-15,207.74349491
2014-07-16,208.82227445
2014-07-17,204.72585569
2014-07-18,208.43222484
2014-07-19,211.54047413
2014-07-20,214.06881997
2014-07-21,209.86452375
2014-07-22,207.02639641
2014-07-23,207.42470011
2014-07-24,199.74373792
2014-07-25,189.44116253
2014-07-26,186.77125608
2014-07-27,181.73031333
2014-07-28,179.0517732
2014-07-29,170.673827
2014-07-30,169.82740793
2014-07-31,157.87146413
2014-08-01,165.29321573
2014-08-02,180.88389426
2014-08-03,174.29840958
2014-08-04,172.08696047
2014-08-05,174.16064511
2014-08-06,171.31369428
2014-08-07,170.15597526
2014-08-08,173.09296674
2014-08-09,177.64613458
2014-08-10,174.9662658
2014-08-11,176.43224786
2014-08-12,165.96202099
2014-08-13,143.14362045
2014-08-14,135.58856232
2014-08-15,102.83801108
2014-08-16,86.91196513
2014-08-17,97.19313112
2014-08-18,84.1193953
2014-08-19,53.20253048
2014-08-20,68.9318287
2014-08-21,91.19642029
2014-08-22,106.94064515
2014-08-23,99.00815923
2014-08-24,87.55085482
2014-08-25,94.61976644
2014-08-26,90.21637956
2014-08-27,97.84941275
2014-08-28,95.79343957
2014-08-29,96.03315199
2014-08-30,95.60976951
2014-08-31,89.67468167
2014-09-01,69.89879176
2014-09-02,65.80303841
2014-09-03,65.02224443
2014-09-04,64.19163876
2014-09-05,74.80152816
2014-09-06,70.44737036
2014-09-07,68.9243991
2014-09-08,70.02210519
2014-09-09,60.06908001
2014-09-10,58.68304874
2014-09-11,68.6933152
2014-09-12,62.86414886
2014-09-13,61.32313561
2014-09-14,65.21652687
2014-09-15,64.47058421
2014-09-16,60.91902776
2014-09-17,42.57275013
2014-09-18,42.30188433
2014-09-19,14.34506638
2014-09-20,-14.02702068
2014-09-21,-4.71969847
2014-09-22,-9.97234933
2014-09-23,-12.12674696
2014-09-24,12.88433444
2014-09-25,12.58299902
2014-09-26,-2.27146247
2014-09-27,-13.12479595
2014-09-28,-11.79234175
2014-09-29,-28.25512127
2014-09-30,-35.66710035
2014-10-01,-27.75762072
2014-10-02,-39.30085451
2014-10-03,-36.49147534
2014-10-04,-50.12868269
2014-10-05,-76.76800679
2014-10-06,-96.46293164
2014-10-07,-78.13034801
2014-10-08,-80.8537978
2014-10-09,-66.4158718
2014-10-10,-46.05158765
2014-10-11,-52.72012307
2014-10-12,-46.32615139
2014-10-13,-42.74159259
2014-10-14,-29.00168026
2014-10-15,-10.09128105
2014-10-16,-20.05423484
2014-10-17,-30.68031726
2014-10-18,-31.96669144
2014-10-19,-25.12318192
2014-10-20,-24.27949857
2014-10-21,-31.28863617
2014-10-22,-34.41804278
2014-10-23,-30.74132393
2014-10-24,-50.25131235
2014-10-25,-55.92984471
2014-10-26,-64.15873545
2014-10-27,-62.19553865
2014-10-28,-60.17629948
2014-10-29,-58.69564286
2014-10-30,-72.27742417
2014-10-31,-70.60560044
2014-11-01,-76.41987386
2014-11-02,-86.18234825
2014-11-03,-88.02164902
2014-11-04,-86.08272488
2014-11-05,-84.5049439
2014-11-06,-71.18283341
2014-11-07,-65.37479067
2014-11-08,-69.57824703
2014-11-09,-68.23583049
2014-11-10,-54.73501426
2014-11-11,-37.66018416
2014-11-12,-45.38226207
2014-11-13,1.50959435
2014-11-14,6.24776689
2014-11-15,-15.82530879
2014-11-16,-32.86003983
2014-11-17,-25.69148703
2014-11-18,-23.61758876
2014-11-19,-36.09606743
2014-11-20,-35.69843997
2014-11-21,-50.91006325
2014-11-22,-61.63776863
2014-11-23,-57.41373754
2014-11-24,-49.51620204
2014-11-25,-34.37258305
2014-11-26,-34.74118954
2014-11-27,-43.14680426
2014-11-28,-42.92849887
2014-11-29,-37.86416729
2014-11-30,-36.54090848
2014-12-01,-35.11889233
2014-12-02,-33.31917339
2014-12-03,-31.29422078
2014-12-04,-35.1297207
2014-12-05,-40.47862988
2014-12-06,-40.24689802
2014-12-07,-37.57958968
2014-12-08,-37.12651837
2014-12-09,-47.00309489
2014-12-10,-60.14688215
2014-12-11,-63.79785791
2014-12-12,-62.07913966
2014-12-13,-60.38511221
2014-12-14,-65.00936887
2014-12-15,-61.38221199
2014-12-16,-71.97737293
2014-12-17,-81.49140521
2014-12-18,-91.31513599
2014-12-19,-99.79958337
2014-12-20,-97.48312487
2014-12-21,-85.40227366
2014-12-22,-89.85370644
2014-12-23,-82.30398671
2014-12-24,-77.76852506
2014-12-25,-87.32154065
2014-12-26,-93.69440257
2014-12-27,-84.19291898
2014-12-28,-95.90994158
2014-12-29,-95.77046886
2014-12-30,-98.01199479
2014-12-31,-102.64361568
2015-01-01,-95.69726836
2015-01-02,-97.04911219
2015-01-03,-97.24835894
2015-01-04,-118.6569862
2015-01-05,-140.12322534
2015-01-06,-140.13924992
2015-01-07,-129.22919428
2015-01-08,-118.69813754
2015-01-09,-124.96444781
2015-01-10,-134.00938419
2015-01-11,-135.11260555
2015-01-12,-143.29168461
2015-01-13,-142.76584287
2015-01-14,-176.02011946
2015-01-15,-218.6329369
2015-01-16,-202.50348246
2015-01-17,-202.99034088
2015-01-18,-211.59693442
2015-01-19,-202.93619902
2015-01-20,-196.14534901
2015-01-21,-200.2125808
2015-01-22,-191.92045189
2015-01-23,-179.49005283
2015-01-24,-179.74301136
2015-01-25,-165.76845
2015-01-26,-160.70584462
2015-01-27,-137.80286674
2015-01-28,-149.98420736
2015-01-29,-171.25943002
2015-01-30,-180.10165551
2015-01-31,-183.15922708
2015-02-01,-188.47911529
2015-02-02,-188.54971768
2015-02-03,-181.28240754
2015-02-04,-183.02062039
2015-02-05,-185.28640117
2015-02-06,-193.13412499
2015-02-07,-189.69235243
2015-02-08,-184.59163565
2015-02-09,-188.16898084
2015-02-10,-191.09877409
2015-02-11,-192.05826683
2015-02-12,-191.7226557
2015-02-13,-190.55519721
2015-02-14,-175.47532663
2015-02-15,-160.38052036
2015-02-16,-172.33408198
2015-02-17,-177.06557061
2015-02-18,-170.50039022
2015-02-19,-174.14660573
2015-02-20,-171.09505339
2015-02-21,-168.92571923
2015-02-22,-167.52102965
2015-02-23,-174.22816944
2015-02-24,-172.93368724
2015-02-25,-173.66093787
2015-02-26,-174.59801926
2015-02-27,-175.92487515
2015-02-28,-159.72860111
2015-03-01,-155.00396647
2015-03-02,-158.71929668
2015-03-03,-144.09023359
2015-03-04,-132.39755775
2015-03-05,-136.07927093
2015-03-06,-138.11657676
2015-03-07,-138.60597464
2015-03-08,-135.96844188
2015-03-09,-136.97525964
2015-03-10,-125.43762951
2015-03-11,-119.69184747
2015-03-12,-117.09292073
2015-03-13,-117.21184711
2015-03-14,-124.35608641
2015-03-15,-129.43874353
2015-03-16,-130.02465643
2015-03-17,-121.45891122
2015-03-18,-124.62133951
2015-03-19,-146.9182941
2015-03-20,-153.84398364
2015-03-21,-151.93556653
2015-03-22,-152.27428601
2015-03-23,-146.77383239
2015-03-24,-146.21469815
2015-03-25,-161.73166824
2015-03-26,-166.0117277
2015-03-27,-162.65566332
2015-03-28,-164.96131495
2015-03-29,-160.1962093
2015-03-30,-168.16048425
2015-03-31,-164.37355268
2015-04-01,-167.56709569
2015-04-02,-166.80747136
2015-04-03,-160.78087886
2015-04-04,-158.60161364
2015-04-05,-159.28963659
2015-04-06,-154.33586819
2015-04-07,-156.30841101
2015-04-08,-157.91172567
2015-04-09,-165.40402512
2015-04-10,-171.42314195
2015-04-11,-175.72811508
2015-04-12,-176.10045158
2015-04-13,-175.70446039
2015-04-14,-184.23097792
2015-04-15,-191.80670608
2015-04-16,-190.16229873
2015-04-17,-184.03732619
2015-04-18,-188.68101879
2015-04-19,-189.21712001
2015-04-20,-186.6368746
2015-04-21,-187.77071607
2015-04-22,-182.11958405
2015-04-23,-176.83206953
2015-04-24,-176.9316929
2015-04-25,-182.86363538
2015-04-26,-184.34429365
2015-04-27,-193.32035971
2015-04-28,-187.52290097
2015-04-29,-186.5465919
2015-04-30,-183.23598751
2015-05-01,-177.18199468
2015-05-02,-178.31271216
2015-05-03,-177.01512162
2015-05-04,-171.68527107
2015-05-05,-173.61734287
2015-05-06,-176.26732464
2015-05-07,-179.02689212
2015-05-08,-176.25487563
2015-05-09,-169.58632621
2015-05-10,-170.80920705
2015-05-11,-171.43372596
2015-05-12,-169.93937534
2015-05-13,-170.44745455
2015-05-14,-171.46362127
2015-05-15,-173.74498825
2015-05-16,-174.36016363
2015-05-17,-175.32899991
2015-05-18,-175.18703764
2015-05-19,-176.91301986
2015-05-20,-177.74238342
2015-05-21,-177.74237927
2015-05-22,-176.39248047
2015-05-23,-172.67154535
2015-05-24,-172.39260405
2015-05-25,-171.75501031
2015-05-26,-174.28295448
2015-05-27,-174.59677018
2015-05-28,-174.6191844
2015-05-29,-174.29541051
2015-05-30,-176.62162668
2015-05-31,-178.19317815
2015-06-01,-180.43469994
2015-06-02,-187.47558298
2015-06-03,-186.63874248
2015-06-04,-186.1057595
2015-06-05,-186.93760846
2015-06-06,-186.85293066
2015-06-07,-186.22281386
2015-06-08,-188.03595513
2015-06-09,-183.62513747
2015-06-10,-181.99878692
2015-06-11,-182.58407113
2015-06-12,-181.96391252
2015-06-13,-181.49567851
2015-06-14,-177.45097364
2015-06-15,-178.15083096
2015-06-16,-175.22439744
2015-06-17,-165.49617698
2015-06-18,-160.08916706
2015-06-19,-163.79511512
2015-06-20,-165.86976671
2015-06-21,-167.49860266
2015-06-22,-167.97679901
2015-06-23,-165.67798445
2015-06-24,-167.49610897
2015-06-25,-169.79742137
2015-06-26,-169.44872296
2015-06-27,-169.18224184
2015-06-28,-163.24966781
2015-06-29,-160.59222569
2015-06-30,-156.6097927
2015-07-01,-149.41199766
2015-07-02,-152.9959413
2015-07-03,-155.99958397
2015-07-04,-153.38198292
2015-07-05,-152.77179493
2015-07-06,-142.98878369
2015-07-07,-140.7522327
2015-07-08,-145.30004183
2015-07-09,-137.31024303
2015-07-10,-142.52552877
2015-07-11,-126.83484726
2015-07-12,-119.57978434
2015-07-13,-104.69106477
2015-07-14,-122.85738092
2015-07-15,-122.9495315
2015-07-16,-123.9084096
2015-07-17,-133.25555924
2015-07-18,-134.14719467
2015-07-19,-136.22683365
2015-07-20,-138.4907738
2015-07-21,-134.75240356
2015-07-22,-134.60047895
2015-07-23,-135.56184244
2015-07-24,-132.09993224
2015-07-25,-126.21717404
2015-07-26,-123.79881974
2015-07-27,-120.64823155
2015-07-28,-119.55237028
2015-07-29,-120.38173384
2015-07-30,-121.4800805
2015-07-31,-124.51609974
2015-08-01,-126.32927834
2015-08-02,-130.64046432
2015-08-03,-130.6180418
2015-08-04,-129.53463657
2015-08-05,-127.44254155
2015-08-06,-129.65168677
2015-08-07,-132.83714522
2015-08-08,-136.36630223
2015-08-09,-144.43081233
2015-08-10,-148.38059148
2015-08-11,-148.02458174
2015-08-12,-144.26408701
2015-08-13,-146.21670515
2015-08-14,-147.44676617
2015-08-15,-146.65447268
2015-08-16,-148.41838173
2015-08-17,-153.52642644
2015-08-18,-159.82113994
2015-08-19,-169.75737545
2015-08-20,-181.70839536
2015-08-21,-177.85297076
2015-08-22,-178.91103762
2015-08-23,-184.56964531
2015-08-24,-183.10896675
2015-08-25,-196.35360675
2015-08-26,-192.84365423
2015-08-27,-185.70271736
2015-08-28,-185.47094919
2015-08-29,-181.78957783
2015-08-30,-182.00405575
2015-08-31,-183.4307291
2015-09-01,-181.63544926
2015-09-02,-182.86287586
2015-09-03,-183.191633
2015-09-04,-184.14011415
2015-09-05,-181.84877654
2015-09-06,-178.1952331
2015-09-07,-172.09358906
2015-09-08,-171.78739102
2015-09-09,-168.63929238
2015-09-10,-172.0511053
2015-09-11,-173.14490333
2015-09-12,-173.90673448
2015-09-13,-175.64487471
2015-09-14,-180.52436097
2015-09-15,-181.9961525
2015-09-16,-181.77961549
2015-09-17,-182.35010314
2015-09-18,-179.0379136
2015-09-19,-179.12963373
2015-09-20,-180.23751228
2015-09-21,-180.59879084
2015-09-22,-182.85348885
2015-09-23,-181.54842264
2015-09-24,-181.3014233
2015-09-25,-177.94880908
2015-09-26,-176.91272598
2015-09-27,-176.5168669
2015-09-28,-178.73583374
2015-09-29,-173.81970786
2015-09-30,-174.21087343
2015-10-01,-175.14675784
2015-10-02,-173.40598319
2015-10-03,-174.53378642
2015-10-04,-173.07195723
2015-10-05,-172.66407671
2015-10-06,-172.11145464
2015-10-07,-166.3579171
2015-10-08,-167.48835474
2015-10-09,-168.4620294
2015-10-10,-167.51091383
2015-10-11,-166.60640021
2015-10-12,-162.8212873
2015-10-13,-165.98931061
2015-10-14,-162.80869054
2015-10-15,-159.1252601
2015-10-16,-156.95610494
2015-10-17,-147.5317337
2015-10-18,-142.72461821
2015-10-19,-147.66330318
2015-10-20,-147.78342655
2015-10-21,-142.03779225
2015-10-22,-139.68462151
2015-10-23,-138.26470076
2015-10-24,-134.78726966
2015-10-25,-130.33994897
2015-10-26,-123.65991404
2015-10-27,-118.85600828
2015-10-28,-117.67575895
2015-10-29,-109.80081885
2015-10-30,-100.15521708
2015-10-31,-85.89326802
2015-11-01,-77.72736103
2015-11-02,-90.59721727
2015-11-03,-62.81570999
2015-11-04,-17.71175696
2015-11-05,28.2614629
2015-11-06,-17.91372907
2015-11-07,-39.3954962
2015-11-08,-27.62730894
2015-11-09,-32.41035466
2015-11-10,-33.35677672
2015-11-11,-65.60065341
2015-11-12,-97.84340638
2015-11-13,-81.12660411
2015-11-14,-77.51069486
2015-11-15,-78.48700393
2015-11-16,-86.99175417
2015-11-17,-84.3915841
2015-11-18,-76.78611093
2015-11-19,-77.12328743
2015-11-20,-82.89148082
2015-11-21,-90.40462624
2015-11-22,-86.15225112
2015-11-23,-88.15734766
2015-11-24,-88.99572698
2015-11-25,-90.85714111
2015-11-26,-76.26077375
2015-11-27,-65.24130478
2015-11-28,-55.12532257
2015-11-29,-55.61768679
2015-11-30,-45.64805369
2015-12-01,-38.45678901
2015-12-02,-47.83134857
2015-12-03,-54.17314785
2015-12-04,-50.30930389
2015-12-05,-50.22651924
2015-12-06,-24.15353912
2015-12-07,-19.38157947
2015-12-08,-17.36876806
2015-12-09,-4.30058001
2015-12-10,5.92864435
2015-12-11,11.52088686
2015-12-12,32.85712777
2015-12-13,19.64398234
2015-12-14,23.8879381
2015-12-15,30.56999983
2015-12-16,48.97464681
2015-12-17,42.8918683
2015-12-18,42.37228378
2015-12-19,49.45396274
2015-12-20,49.41411339
2015-12-21,34.87906303
2015-12-22,24.50672675
2015-12-23,24.6078931
2015-12-24,30.29217811
2015-12-25,41.90672062
2015-12-26,34.28132278
2015-12-27,10.38742785
2015-12-28,8.35511101
2015-12-29,9.87934864
2015-12-30,16.87711923
2015-12-31,16.05136895
2016-01-01,16.04982597
2016-01-02,20.65396886
2016-01-03,20.82066189
2016-01-04,16.40888937
2016-01-05,23.3510956
2016-01-06,20.02788457
2016-01-07,18.23929275
2016-01-08,42.00522027
2016-01-09,41.09401863
2016-01-10,34.75642903
2016-01-11,34.69819798
2016-01-12,35.49518498
2016-01-13,29.82661496
2016-01-14,17.7124126
2016-01-15,5.13657152
2016-01-16,-30.44735493
2016-01-17,-29.93969497
2016-01-18,-27.93880811
2016-01-19,-27.16483174
2016-01-20,-27.40084189
2016-01-21,-2.1777464
2016-01-22,-5.38295236
2016-01-23,-25.80728714
2016-01-24,-21.42540163
2016-01-25,-11.97535305
2016-01-26,-18.92485492
2016-01-27,-18.43094773
2016-01-28,-19.67623991
2016-01-29,-31.18428266
2016-01-30,-34.19445155
2016-01-31,-34.11054317
2016-02-01,-37.60578065
2016-02-02,-39.29362536
2016-02-03,-37.89314546
2016-02-04,-38.84532017
2016-02-05,-26.09507119
2016-02-06,-27.46841105
2016-02-07,-35.2191096
2016-02-08,-36.10297053
2016-02-09,-38.11814981
2016-02-10,-36.29357934
2016-02-11,-31.37789716
2016-02-12,-33.1967551
2016-02-13,-26.896308
2016-02-14,-17.89314204
2016-02-15,-7.38712583
2016-02-16,-8.60678081
2016-02-17,-2.93396098
2016-02-18,6.72393215
2016-02-19,9.3709885
2016-02-20,11.34778113
2016-02-21,25.47862547
2016-02-22,27.12666097
2016-02-23,23.93871298
2016-02-24,10.83252669
2016-02-25,12.2172916
2016-02-26,12.26710329
2016-02-27,17.09737425
2016-02-28,20.19141139
2016-02-29,22.31192656
2016-03-01,24.99472075
2016-03-02,22.04586886
2016-03-03,14.82463691
2016-03-04,8.21668175
2016-03-05,-0.10187003
2016-03-06,-9.86496075
2016-03-07,-4.53218479
2016-03-08,0.86593941
2016-03-09,0.69511696
2016-03-10,1.35688105
2016-03-11,5.05290825
2016-03-12,6.72233113
2016-03-13,0.53850667
2016-03-14,1.72270043
2016-03-15,3.19141385
2016-03-16,4.20185975
2016-03-17,5.28204201
2016-03-18,5.73752243
2016-03-19,-2.94977415
2016-03-20,-3.39661663
2016-03-21,-0.75513449
2016-03-22,0.43184638
2016-03-23,4.95328488
2016-03-24,5.27632949
2016-03-25,3.96130094
2016-03-26,4.58175297
2016-03-27,6.1032035
2016-03-28,12.42650068
2016-03-29,9.80215612
2016-03-30,3.58990735
2016-03-31,1.59172734
2016-04-01,3.54288277
2016-04-02,4.84794898
2016-04-03,6.95996452
2016-04-04,6.94003985
2016-04-05,7.45383158
2016-04-06,9.7451692
2016-04-07,9.39648739
2016-04-08,9.0819424
2016-04-09,6.49598448
2016-04-10,6.03917966
2016-04-11,8.62088777
2016-04-12,10.61760508
2016-04-13,13.03845308
2016-04-14,11.6081263
2016-04-15,12.8576683
2016-04-16,17.23538426
2016-04-17,18.13199464
2016-04-18,15.9417431
2016-04-19,16.40001063
2016-04-20,22.27632702
2016-04-21,29.24717614
2016-04-22,35.94904215
2016-04-23,34.5556393
2016-04-24,38.83812002
2016-04-25,46.83216448
2016-04-26,49.87785264
2016-04-27,53.08426259
2016-04-28,37.28692079
2016-04-29,36.02449104
2016-04-30,41.31156681
2016-05-01,37.25689547
2016-05-02,42.64790315
2016-05-03,34.46520711
2016-05-04,37.24003452
2016-05-05,35.58349939
2016-05-06,36.98153499
2016-05-07,44.57984115
2016-05-08,47.11175353
2016-05-09,46.87413609
2016-05-10,48.18916464
2016-05-11,40.85466627
2016-05-12,40.28459504
2016-05-13,41.66013694
2016-05-14,43.34155397
2016-05-15,43.66883245
2016-05-16,45.84284001
2016-05-17,42.23647385
2016-05-18,41.76676532
2016-05-19,41.54058889
2016-05-20,30.37132992
2016-05-21,30.13776017
2016-05-22,30.8580058
2016-05-23,28.34971475
2016-05-24,31.57529409
2016-05-25,34.77246509
2016-05-26,37.87297004
2016-05-27,46.35313722
2016-05-28,68.36289801
2016-05-29,107.51231523
2016-05-30,121.39981366
2016-05-31,124.18078448
2016-06-01,120.56850366
2016-06-02,123.8531177
2016-06-03,129.60656174
2016-06-04,156.54398292
2016-06-05,161.6539227
2016-06-06,165.08244546
2016-06-07,171.72732455
2016-06-08,166.0672382
2016-06-09,168.43827452
2016-06-10,164.71936532
2016-06-11,167.92575932
2016-06-12,197.71318563
2016-06-13,254.97561103
2016-06-14,283.99477243
2016-06-15,273.29779101
2016-06-16,291.5001092
2016-06-17,345.19010314
2016-06-18,336.93019774
2016-06-19,345.67786936
2016-06-20,348.37988081
2016-06-21,314.19209596
2016-06-22,252.58830941
2016-06-23,203.15814823
2016-06-24,213.55260016
2016-06-25,251.5337803
2016-06-26,247.36360859
2016-06-27,221.20546773
2016-06-28,237.3621611
2016-06-29,232.45921241
2016-06-30,229.33878278
2016-07-01,257.69233454
2016-07-02,266.12895571
2016-07-03,280.41716564
2016-07-04,252.88679123
2016-07-05,263.20150716
2016-07-06,257.86943862
2016-07-07,255.62865202
2016-07-08,226.93859879
2016-07-09,244.20519659
2016-07-10,235.90618117
2016-07-11,235.86411382
2016-07-12,237.78166963
2016-07-13,250.59323561
2016-07-14,244.88481624
2016-07-15,247.52335701
2016-07-16,250.71757067
2016-07-17,252.45323539
2016-07-18,264.65783812